,head,relation,tail
0,bergsman,say,experiences
1,julia fox,rock,getty images
2,students,sign,emails
3,2021,say,2022
4,animal park owner,sign,showbiz newsletter
5,australian associated press,use,game theory
6,platform,studio,clothing bride
7,cole hauser,return for,s5
8,students,use,game theory
9,project,forget,eyes
10,freestyle,support various,netflix
11,guests,mask,ballroom
12,funniest that,seem,cobra kai
13,newsweek,hear,publication
14,lupita nyong'o,recall,spy movie
15,students,use,game theory
16,storytellers,realise,terror
17,deal,be on,lisa shumaker
18,other she,hit,telethon
19,us,let,comments
20,studios,read more,report
21,benefits,deliver comprehensive,insurance quotes online
22,ews,guarantee,drama
23,people,set,2022
24,look,finish with,straps
25,season,be,netflix
26,us,sandman_ap,grand line
27,kotaro characters,be,synopsis
28,puppy,include,play pool
29,kids,work for several,ideas
30,plugable,say,dock
31,error,check,email address
32,entertainmententertainment,join,coed.email address
33,jung yu who,young,jellies
34,bob saget,be,jeremy dick
35,players,offer,game pass
36,us,let,comment
37,us,let,comment
38,cobra kai season,stream on,netflix
39,league players,have,decade
40,annual winter event,be,reason comments
41,quotes,note,valorant teaser
42,birth,society,pain
43,gosling action thriller,universe,richard projects
44,prev,open,confections
45,agreement,consider,jan.
46,apps,be,samsung app store
47,views,be,daily wire
48,us,ann,demon slayer corps
49,story,be,dow jones
50,tech he,click,tips
51,family drama,win,ted awards
52,us,let,things
53,daily dot,receive,products
54,bill murray,reveal,ho
55,tze label tapes,come in,millimeter clear
56,russo bros.,surpass,red notice
57,gb this,be,gb storage
58,writing,be well,chelsea avestruz
59,drama she,appear in,hellbound
60,master james wan,serve as,vampire showrunner
61,title,refer to,land
62,story,click,hollywood reporter magazine
63,g15 gaming laptops,get sweet,price cuts
64,josh,represent,buyer
65,fitness equipment,workout,strong back
66,vote,take,9:00am
67,kilar,say,expectations
68,michael phillips,distribute by,tribune content agency
69,bengals coaches,make,dick postseason
70,amit who,be,platform
71,movies,be ideal,holidays
72,location,change to,hawkins
73,analysts,name,ecommerce business
74,apple tv+,release,friday
75,actress,be,lily collins
76,dupree young,let,case
77,lizzo,read,ross tanenbaum
78,2021,head,tech page
79,opinions,be,investorplace.com publishing guidelines
80,investigators,add,unsolved
81,peek,paint,future
82,stock,be,labor challenge
83,celebrities,photo,depression
84,brunette,make,canal
85,vance,face several,treasurer josh mandel
86,two,release on,december
87,writer marcy gordon,contribute to,washington
88,apology,earn,media
89,daughter,release,january 21st
90,tiger you,get in,us
91,tiger you,read more,us
92,netflix,be,seasons
93,history,fall flat,form
94,jughead,be,season
95,satellite screens program,continue,massachusetts
96,sundance,hold,u.s.
97,workforce,show,workplace
98,registration,understand,user agreement
99,lgbtq anthem,feature,country
100,archive,be,dread
101,cbc,respond to,comment
102,fish,serve as,burnout
103,star rita production,be,critics
104,extraction,boast,fists
105,royalty,be,film
106,company,acquire,asia
107,karate,be,3
108,company,make,tv amazon
109,companies,expect,q4 earnings reports
110,world,need,popcorn time
111,registration,understand,user agreement
112,director,be,season
113,netflix,art,air
114,film,watch,culture
115,deal,be on,year
116,names,change,adventures
117,santa clarita walking,fear,rachel johnson
118,palgrave,express,volume
119,first photos,reveal,juan velasquez
120,ryan,work with,ryan northrup
121,kilar,expect,company
122,benjamin levy woman,check,trailer
123,board game,expect,details
124,cobra kai,become,valley
125,studio,gear,abdul mateen april
126,ryu kyung fans,see,hellbound episode
127,collaboration,go,retailer
128,charithra chandran,see,netflix
129,michael keaton,be,james peacemaker
130,nexon,https://company.nexon.co.jp/en/,release
131,team that,say,season
132,love,let,kill episode
133,kapil sharma,say,twitter
134,software,offer,tv bittorrent
135,turchiano,say,awards
136,anthony,want,wife
137,episode series,premiere,netflix
138,archive,be,dread
139,tech he,click,tips
140,lights,say,vegas
141,warnermedia rights,join,inbox email address
142,late gaines,sign,streaming newsletter
143,screenplay,detail,demand
144,season,meet with,rotten tomatoes
145,apple tv+,become,name productions
146,streamer,describe,terms
147,razer,consider,concepts
148,deal,be on,year
149,shareholder,demand,positions
150,keanu,be,books
151,at&t,report,jan.
152,netflix,intrigue,netflix
153,vr wrist tracker,make,sight
154,chappelle,announce,comedy festival
155,qinetiq group plc,distribute by,utc
156,yzerman,say on,saturday
157,year,end with,holiday get togethers
158,tate who,hanyock,teacher
159,woman,be,friday
160,three,sign,inbox
161,'s,be,women
162,movies,be,flick
163,show,be,dinner rush
164,lights,say,vegas
165,kale,2022,ages
166,us,feel free,cowboy bebop
167,everyone,think,escape
168,james wan,join,paul harris archive
169,company,add,statement
170,fans,tag,tv guide
171,memes,be,love life
172,changeling,be,core
173,james wan,©,paul harris archive
174,rhana,help,documentary speed sisters
175,james,cover international,james osborne
176,john cameron chamberlayne,reppe by,wme
177,production,confirm,march
178,opinions,be,lifezette
179,janus billeskov jansen,rasmussen,netflix
180,fans,be sure,weeks
181,'s,let,borderland
182,sequel,expect,2020
183,people,need,dreams
184,arm,help,ankles
185,alison willmore,write for,vulture
186,telugu action drama,mark,telugu cinema
187,film critics,see,lists
188,james wan,©,paul harris archive
189,foundation,run,space
190,gawker,wonder,dance hall racist
191,report,viewer prefer,tv shows
192,tvs,come,ps5
193,alison willmore,write for,vulture
194,sarandos,say,netflix
195,witcher,be,first nilfgaardian war
196,nawazuddin,feature as,avneet tiku
197,et series,move to,thursdays time slot
198,opinions,be,investorplace.com publishing guidelines
199,domain,remain,year
200,day,on,youtube
201,warnermedia rights,reserve,trailer
202,deal,be on,lisa shumaker
203,writer marcy gordon,contribute to,washington
204,tech he,click,tips
205,bric summit sponsors,nickelodeon,weta animation
206,kubitz,earn,pepperdine university
207,climate change that,duke,movies
208,candle,announce,reese witherspoon
209,expansion,say global,countries
210,reality,buckle,2022
211,opinions,contact,commentary
212,fans,expect,consideration
213,mother i,' m,world
214,lin manuel miranda,think about,cast
215,series,click on,gallery
216,vanessa,okay,house
217,lenovo legion,deal for,best roku january
218,legion gaming redesign,be,screens
219,best microsoft office,be,january
220,ea sports,announce,augusta
221,maplestory both,know for,south korea
222,pair,value at,consumers
223,satire we,be,leonardo radio
224,series,star,james producers
225,disco it,be,colors
226,sega,change at,games
227,episode,feature,products
228,arm,help,ankles
229,story,get,2017
230,special,say,style
231,guy bill hader,raise,piece
232,cast,include,mamoudou athie
233,maplestory both,know for,south korea
234,mohaghegh,say,media platforms
235,'s,be,assumption
236,spectrum,say,hong kong
237,blood origin,fill,lives
238,charudutt actress,see in,reliance entertainment
239,disney,be,netflix
240,episodes,expect,timeframe
241,call,be remarkable,fruit
242,event,be,1977
243,elliott,establish,elliott griffiths
244,star max julien,photo by,streaming newsletter
245,woman,premiere,netflix
246,anime,produce,odds
247,changes,indicate,hfpa
248,drag race season,check,tv guide
249,film,release in,december
250,comedian caleb he,say,ally beardsley
251,reality star,guard,home
252,comics fans,speculate over,dc comics
253,company,make,tv amazon
254,henares,visit,anima.ph
255,episode,drop,example
256,google,be,measure
257,time,leave,series
258,yennefer,band,family
259,vilimoni koroi,be,christmas
260,lies,affirm,faith
261,ariana season,be,evil
262,story,assure,fans
263,demand impact,reflect,omicron
264,series,slot start,p.m.
265,soft happiness,include,parton crash
266,guns,threaten,u.k.
267,episode season,star,january
268,monsieur big mascara,add,perfection
269,ryan,work with,ryan northrup
270,information,use,product
271,james wan,join,atomic monster
272,-,read,vegan flavors
273,copyright business pub,film,pacific
274,growth company,add,statement
275,stay,stay,news email updates
276,show,stay,news email updates
277,no accomplishing,get,fitness resolutions
278,issue,be available,january
279,life,be,stuff
280,"read more""the woman",allowfullscreen,trailer
281,loeb,provide legal,nexon
282,stocks,suffer,faangm stocks
283,lee jung jae,cancel,covid
284,sensors,work,issues
285,loeb,serve as legal,nexon
286,wall street journal,break,agbo
287,email,click,yorkshire live
288,advice,seek about,circumstances
289,growth company,add,paragraph
290,stars,appear in,comedy show
291,youa€,be free,profiles
292,bob saget,be,jeremy dick
293,look,debate,entertainment discourse
294,toddlers,reflect on,stereotype
295,cobra kai seasons,stream,netflix
296,charges,click,side
297,tech he,click,tips
298,tech he,click,tips
299,jakks,visit,instagram
300,f,email,objectives
301,gundlach,add,glory
302,spy spoof,boast,man jason statham
303,fiction,provide,ground
304,company,add,statement
305,jakks,visit,instagram
306,carson who,make,seasons
307,amd,be,processor
308,nexon,view,businesswire.com
309,scene,tipping,days
310,cleopatra,set,paramount pictures
311,everyone,lead,crime
312,stocks,sipc,purposes
313,cinema tv,indicate to,creator
314,bebop,let,chance
315,kapil,star in,others
316,uk audiences,sign,inbox
317,spark,hype,rift
318,bob odenkirk,extend into,john lutz
319,words,spread,consumers
320,actor,star in,netflix
321,episodes,release,midnight
322,henares,add,tiktok
323,sides,explore,depths
324,cliffhanger ending,be,questions
325,amazon prime which,be,content
326,setup,make,budget
327,actors,brilliant,awe
328,numbers,see,week
329,kapil,feature in,others
330,old,emerge as,breakout
331,accident,ski in,dad
332,date,set at,date
333,claude denton,say,zeenk
334,jonathan van ness,feature,netflix
335,plan,be,magicians
336,series,dub in,languages
337,applying,be,apparel
338,production,tag,tv guide
339,characters,argue,ukrainian
340,fans,be in,sparks
341,netflix,cut,fremont
342,terms,be,lenstore.co.uk
343,people,need,dreams
344,lee jung jae,suggest,covid-19 situation
345,partnerships,include,ip rights
346,2022,force,home entertainment
347,details,be well,cyberpunk
348,associated press,contribute to,report
349,mayer,thr,september
350,taapsee,hope for,2022
351,squid game,read|,gotham awards
352,statements,please,clickstream aktie komplett
353,information,find,media
354,independent,contact,comment
355,cover,be of,video
356,jason arunn murugesu,report,women
357,thoughts,stick to,koimoi
358,reviews,compile through,opinion
359,contact jim higgins,follow,@jhiggy
360,caitriona balfe,be,belfast
361,growth runway,be,6 billion
362,everybody,be,show
363,people,purchase,january
364,messages,check,jill marie jones
365,samsung,announce,countries
366,ft waves,travel,cornwall
367,series,be available,netflix
368,film,nominate for,best visual effects
369,navarro,deal with overwhelming,fame
370,shah rukh it,be,us
371,kiss,cancel,wednesday
372,source,say,announcement
373,cast,be,paris
374,users,tell,media apps
375,beatles,wear little,suits
376,arrest,click,tv listings
377,talent,star in,others
378,snowdrop,be available,regions
379,value,argue,prices
380,service,email,journalists
381,snowdrop,be available,regions
382,customers,swap to,sky
383,crime doc,be about infamous,killer dennis nilsen
384,snowdrop,be available,regions
385,many,accuse,hand
386,movie,sign,newsletter
387,cenkos securities,click,inbox
388,netflix,be,seasons
389,tags,news,bollywood hungama
390,secret,be,skin
391,plan,be available,excitel servicing cities
392,yield bonds,gain,row
393,show,tap into,latinx community
394,stay,stay with,jumbo
395,light,be,deeds
396,things,lead by,predecessors
397,sir david which,sign,inbox
398,film,nominate for,best visual effects
399,actor,post,november
400,kim,appear in,netflix
401,kapil,star in,others
402,conversations,be on,bbc sounds
403,contestants,expect,finale
404,rossiter,conclude,space
405,company,say,brands
406,pandemic,force,covid-19 patients
407,atlas vpn,include,apps
408,movie,receive,imdb
409,contents,have,country
410,netflix,be,seasons
411,south africa native,win,crime drama monster
412,amazon you,check,tv guide
413,fake life,hit,coldplay
414,kapil,ani,others
415,american film institute,name,classic hollywood cinema
416,words,netflix,air
417,s21 fe we,more,auto affiliate links
418,show,mark,platform
419,selling,show,netflix
420,film,feature,jennifer lawrence
421,cenkos securities,act as,ipo
422,lag rahi hai,watch,weather
423,mumbai police band,video,bella ciao
424,bangtan .,photo,los angeles
425,views,be available,example
426,hunting,come to,netflix
427,digital services tax,be,country
428,cast,be,life
429,admirers,appear,rule
430,details,get,newsletters
431,amit who,join,platform
432,season,be,2018
433,huda al mufti,feature,surprise guest appearances
434,kartik,have,om raut
435,golden globes,schedule,covid-19 scenario
436,deadly cuts,add to,thursday
437,film,base on former,p.m.
438,woke media,consider,democracy
439,netflix,be,seasons
440,comedies,follow,viewers
441,season,tell korean,media
442,part,lead to widespread,enthusiasts
443,caption,include,love anthem hashtag
444,show,hunt,window
445,range,incorporate acoustic,screen
446,interest,be likely,time
447,solutions,be,pace
448,royal news der,die,sie
449,sam director,be,commissioning bbc
450,opener,look,crowd
451,presence,have,screen
452,snowdrop,be available,regions
453,series producer,be,brooker
454,website,add,home appearance
455,mo abudu,celebrate,netflix
456,snowdrop,be available,regions
457,show,mark,platform
458,mcu actor,stay,trailer
459,adobe,for more,information www.dreamergo.com
460,months,be strong,american arnaz
461,actors,cast for,lee jae lim
462,belmer,be,netflix
463,debose,recall,things
464,k,be available,"2,199"
465,mo abudu,celebrate,netflix
466,contract projects,manage,internet
467,snowdrop,be available,regions
468,market,be ripe,options
469,fantabulous emancipation,force,screen entertainment
470,film,produce by,yay motion pictures
471,benefits,be available,subscription
472,register,score,vouchers
473,six,be,saturday
474,rescue bots,stay up,news email updates
475,one,be,city
476,bar host,talk,customers
477,feature,sound like,substance
478,kapil i,do,avatar
479,comments,note,publication
480,comments,note,publication
481,netflix,news,bollywood hungama
482,wonder woman,feature,bollywood hungama
483,advertisers,depend on local,impact
484,capacity,be,department
485,humans,like,past
486,child archie,stay,news email updates
487,adaptation,open at,sept.
488,relationship,intimidate,trouble
489,name,reflect,brands
490,film,produce by,yay motion pictures
491,lee jung jae,plan,covid-19 situation
492,clockwise,find,right
493,registration,understand,user agreement
494,act,recognize long,disability
495,andy sherman,be executive,dolby
496,app,release on,labor day weekend
497,rakul,have,ayushmann khurrana
498,matters,be impossible,setback
499,meghna she,see,india
500,armas,round,billy bob cast
501,aaron feature,be strong,american arnaz
502,hindi originals,dub,languages
503,writer marcy gordon,contribute to,washington
504,alternatives,take,place
505,lite ne,be,price
506,episode,know for,berry
507,bollywood news live,news,bollywood hungama
508,guests,mask,ballroom
509,money malcontent,select,birth date
510,neve campbell,check,star trek
511,quad core features,include,cricket experience
512,petition,remain,show
513,guests,mask,ballroom
514,you´re i,´,anita
515,netflix,catch,house
516,virgin you,have,netflix
517,virgin you,have,netflix
518,virgin you,be,netflix
519,virgin you,have,netflix
520,virgin you,have,netflix
521,virgin you,have,netflix
522,film,produce by,yay motion pictures
523,light,be,deeds
524,v,reposte,heart emoji
525,passes,be,filmfest.scad.edu
526,episodes,release,netflix
527,samsung,be difficult,range
528,rules,have,life
529,company,article,channel uae
530,regina,happen,october
531,film,cast,actor kevin james
532,film,produce by,yay motion pictures
533,eco remote,prevent,tv
534,tags,news,bollywood hungama
535,rocket boys,be,history
536,microsoft,be,3 mark
537,reverie,be,platforms
538,guests,mask,ballroom
539,generation,enroll in,bands
540,viac,see,anusuya lahiri
541,users,come with far,device
542,series,be,memory
543,dixson i,be alive,series
544,mystery that,be,winter
545,cpus,support,ddr5 ram
546,you´re i,´,anita
547,apps whatsapp,ban,phones
548,customer support,be,angles
549,team,yonhap,research facility
550,chef,announce new,holiday season
551,handset,price at,market
552,manuel mirandamy placenewrobert,be,news
553,programming you,make sure,business requirement
554,registration,exchange,user agreement
555,world,be clear,world
556,registration,understand,user agreement
557,mackenzie,find,mackenzie templeton
558,rousteing,more,year
559,colton underwood,go,jordan c. brown
560,us,let,comments
561,henares,add,tiktok
562,people,need,dreams
563,netflix,root,bergsman
564,netflix,root,julia fox
565,netflix,root,students
566,netflix,root,2021
567,netflix,root,animal park owner
568,netflix,root,australian associated press
569,netflix,root,platform
570,netflix,root,cole hauser
571,netflix,root,students
572,netflix,root,project
573,netflix,root,freestyle
574,netflix,root,guests
575,netflix,root,funniest that
576,netflix,root,newsweek
577,netflix,root,lupita nyong'o
578,netflix,root,students
579,netflix,root,storytellers
580,netflix,root,deal
581,netflix,root,other she
582,netflix,root,us
583,netflix,root,studios
584,netflix,root,benefits
585,netflix,root,ews
586,netflix,root,people
587,netflix,root,look
588,netflix,root,season
589,netflix,root,us
590,netflix,root,kotaro characters
591,netflix,root,puppy
592,netflix,root,kids
593,netflix,root,plugable
594,netflix,root,error
595,netflix,root,entertainmententertainment
596,netflix,root,jung yu who
597,netflix,root,bob saget
598,netflix,root,players
599,netflix,root,us
600,netflix,root,us
601,netflix,root,cobra kai season
602,netflix,root,league players
603,netflix,root,annual winter event
604,netflix,root,quotes
605,netflix,root,birth
606,netflix,root,gosling action thriller
607,netflix,root,prev
608,netflix,root,agreement
609,netflix,root,apps
610,netflix,root,views
611,netflix,root,us
612,netflix,root,story
613,netflix,root,tech he
614,netflix,root,family drama
615,netflix,root,us
616,netflix,root,daily dot
617,netflix,root,bill murray
618,netflix,root,tze label tapes
619,netflix,root,russo bros.
620,netflix,root,gb this
621,netflix,root,writing
622,netflix,root,drama she
623,netflix,root,master james wan
624,netflix,root,title
625,netflix,root,story
626,netflix,root,g15 gaming laptops
627,netflix,root,josh
628,netflix,root,fitness equipment
629,netflix,root,vote
630,netflix,root,kilar
631,netflix,root,michael phillips
632,netflix,root,bengals coaches
633,netflix,root,amit who
634,netflix,root,movies
635,netflix,root,location
636,netflix,root,analysts
637,netflix,root,apple tv+
638,netflix,root,actress
639,netflix,root,dupree young
640,netflix,root,lizzo
641,netflix,root,2021
642,netflix,root,opinions
643,netflix,root,investigators
644,netflix,root,peek
645,netflix,root,stock
646,netflix,root,celebrities
647,netflix,root,brunette
648,netflix,root,vance
649,netflix,root,two
650,netflix,root,writer marcy gordon
651,netflix,root,apology
652,netflix,root,daughter
653,netflix,root,tiger you
654,netflix,root,tiger you
655,netflix,root,netflix
656,netflix,root,history
657,netflix,root,jughead
658,netflix,root,satellite screens program
659,netflix,root,sundance
660,netflix,root,workforce
661,netflix,root,registration
662,netflix,root,lgbtq anthem
663,netflix,root,archive
664,netflix,root,cbc
665,netflix,root,fish
666,netflix,root,star rita production
667,netflix,root,extraction
668,netflix,root,royalty
669,netflix,root,company
670,netflix,root,karate
671,netflix,root,company
672,netflix,root,companies
673,netflix,root,world
674,netflix,root,registration
675,netflix,root,director
676,netflix,root,netflix
677,netflix,root,film
678,netflix,root,deal
679,netflix,root,names
680,netflix,root,santa clarita walking
681,netflix,root,palgrave
682,netflix,root,first photos
683,netflix,root,ryan
684,netflix,root,kilar
685,netflix,root,benjamin levy woman
686,netflix,root,board game
687,netflix,root,cobra kai
688,netflix,root,studio
689,netflix,root,ryu kyung fans
690,netflix,root,collaboration
691,netflix,root,charithra chandran
692,netflix,root,michael keaton
693,netflix,root,nexon
694,netflix,root,team that
695,netflix,root,love
696,netflix,root,kapil sharma
697,netflix,root,software
698,netflix,root,turchiano
699,netflix,root,anthony
700,netflix,root,episode series
701,netflix,root,archive
702,netflix,root,tech he
703,netflix,root,lights
704,netflix,root,warnermedia rights
705,netflix,root,late gaines
706,netflix,root,screenplay
707,netflix,root,season
708,netflix,root,apple tv+
709,netflix,root,streamer
710,netflix,root,razer
711,netflix,root,deal
712,netflix,root,shareholder
713,netflix,root,keanu
714,netflix,root,at&t
715,netflix,root,netflix
716,netflix,root,vr wrist tracker
717,netflix,root,chappelle
718,netflix,root,qinetiq group plc
719,netflix,root,yzerman
720,netflix,root,year
721,netflix,root,tate who
722,netflix,root,woman
723,netflix,root,three
724,netflix,root,'s
725,netflix,root,movies
726,netflix,root,show
727,netflix,root,lights
728,netflix,root,kale
729,netflix,root,us
730,netflix,root,everyone
731,netflix,root,james wan
732,netflix,root,company
733,netflix,root,fans
734,netflix,root,memes
735,netflix,root,changeling
736,netflix,root,james wan
737,netflix,root,rhana
738,netflix,root,james
739,netflix,root,john cameron chamberlayne
740,netflix,root,production
741,netflix,root,opinions
742,netflix,root,janus billeskov jansen
743,netflix,root,fans
744,netflix,root,'s
745,netflix,root,sequel
746,netflix,root,people
747,netflix,root,arm
748,netflix,root,alison willmore
749,netflix,root,telugu action drama
750,netflix,root,film critics
751,netflix,root,james wan
752,netflix,root,foundation
753,netflix,root,gawker
754,netflix,root,report
755,netflix,root,tvs
756,netflix,root,alison willmore
757,netflix,root,sarandos
758,netflix,root,witcher
759,netflix,root,nawazuddin
760,netflix,root,et series
761,netflix,root,opinions
762,netflix,root,domain
763,netflix,root,day
764,netflix,root,warnermedia rights
765,netflix,root,deal
766,netflix,root,writer marcy gordon
767,netflix,root,tech he
768,netflix,root,bric summit sponsors
769,netflix,root,kubitz
770,netflix,root,climate change that
771,netflix,root,candle
772,netflix,root,expansion
773,netflix,root,reality
774,netflix,root,opinions
775,netflix,root,fans
776,netflix,root,mother i
777,netflix,root,lin manuel miranda
778,netflix,root,series
779,netflix,root,vanessa
780,netflix,root,lenovo legion
781,netflix,root,legion gaming redesign
782,netflix,root,best microsoft office
783,netflix,root,ea sports
784,netflix,root,maplestory both
785,netflix,root,pair
786,netflix,root,satire we
787,netflix,root,series
788,netflix,root,disco it
789,netflix,root,sega
790,netflix,root,episode
791,netflix,root,arm
792,netflix,root,story
793,netflix,root,special
794,netflix,root,guy bill hader
795,netflix,root,cast
796,netflix,root,maplestory both
797,netflix,root,mohaghegh
798,netflix,root,'s
799,netflix,root,spectrum
800,netflix,root,blood origin
801,netflix,root,charudutt actress
802,netflix,root,disney
803,netflix,root,episodes
804,netflix,root,call
805,netflix,root,event
806,netflix,root,elliott
807,netflix,root,star max julien
808,netflix,root,woman
809,netflix,root,anime
810,netflix,root,changes
811,netflix,root,drag race season
812,netflix,root,film
813,netflix,root,comedian caleb he
814,netflix,root,reality star
815,netflix,root,comics fans
816,netflix,root,company
817,netflix,root,henares
818,netflix,root,episode
819,netflix,root,google
820,netflix,root,time
821,netflix,root,yennefer
822,netflix,root,vilimoni koroi
823,netflix,root,lies
824,netflix,root,ariana season
825,netflix,root,story
826,netflix,root,demand impact
827,netflix,root,series
828,netflix,root,soft happiness
829,netflix,root,guns
830,netflix,root,episode season
831,netflix,root,monsieur big mascara
832,netflix,root,ryan
833,netflix,root,information
834,netflix,root,james wan
835,netflix,root,-
836,netflix,root,copyright business pub
837,netflix,root,growth company
838,netflix,root,stay
839,netflix,root,show
840,netflix,root,no accomplishing
841,netflix,root,issue
842,netflix,root,life
843,netflix,root,"read more""the woman"
844,netflix,root,loeb
845,netflix,root,stocks
846,netflix,root,lee jung jae
847,netflix,root,sensors
848,netflix,root,loeb
849,netflix,root,wall street journal
850,netflix,root,email
851,netflix,root,advice
852,netflix,root,growth company
853,netflix,root,stars
854,netflix,root,youa€
855,netflix,root,bob saget
856,netflix,root,look
857,netflix,root,toddlers
858,netflix,root,cobra kai seasons
859,netflix,root,charges
860,netflix,root,tech he
861,netflix,root,tech he
862,netflix,root,jakks
863,netflix,root,f
864,netflix,root,gundlach
865,netflix,root,spy spoof
866,netflix,root,fiction
867,netflix,root,company
868,netflix,root,jakks
869,netflix,root,carson who
870,netflix,root,amd
871,netflix,root,nexon
872,netflix,root,scene
873,netflix,root,cleopatra
874,netflix,root,everyone
875,netflix,root,stocks
876,netflix,root,cinema tv
877,netflix,root,bebop
878,netflix,root,kapil
879,netflix,root,uk audiences
880,netflix,root,spark
881,netflix,root,bob odenkirk
882,netflix,root,words
883,netflix,root,actor
884,netflix,root,episodes
885,netflix,root,henares
886,netflix,root,sides
887,netflix,root,cliffhanger ending
888,netflix,root,amazon prime which
889,netflix,root,setup
890,netflix,root,actors
891,netflix,root,numbers
892,netflix,root,kapil
893,netflix,root,old
894,netflix,root,accident
895,netflix,root,date
896,netflix,root,claude denton
897,netflix,root,jonathan van ness
898,netflix,root,plan
899,netflix,root,series
900,netflix,root,applying
901,netflix,root,production
902,netflix,root,characters
903,netflix,root,fans
904,netflix,root,netflix
905,netflix,root,terms
906,netflix,root,people
907,netflix,root,lee jung jae
908,netflix,root,partnerships
909,netflix,root,2022
910,netflix,root,details
911,netflix,root,associated press
912,netflix,root,mayer
913,netflix,root,taapsee
914,netflix,root,squid game
915,netflix,root,statements
916,netflix,root,information
917,netflix,root,independent
918,netflix,root,cover
919,netflix,root,jason arunn murugesu
920,netflix,root,thoughts
921,netflix,root,reviews
922,netflix,root,contact jim higgins
923,netflix,root,caitriona balfe
924,netflix,root,growth runway
925,netflix,root,everybody
926,netflix,root,people
927,netflix,root,messages
928,netflix,root,samsung
929,netflix,root,ft waves
930,netflix,root,series
931,netflix,root,film
932,netflix,root,navarro
933,netflix,root,shah rukh it
934,netflix,root,kiss
935,netflix,root,source
936,netflix,root,cast
937,netflix,root,users
938,netflix,root,beatles
939,netflix,root,arrest
940,netflix,root,talent
941,netflix,root,snowdrop
942,netflix,root,value
943,netflix,root,service
944,netflix,root,snowdrop
945,netflix,root,customers
946,netflix,root,crime doc
947,netflix,root,snowdrop
948,netflix,root,many
949,netflix,root,movie
950,netflix,root,cenkos securities
951,netflix,root,netflix
952,netflix,root,tags
953,netflix,root,secret
954,netflix,root,plan
955,netflix,root,yield bonds
956,netflix,root,show
957,netflix,root,stay
958,netflix,root,light
959,netflix,root,things
960,netflix,root,sir david which
961,netflix,root,film
962,netflix,root,actor
963,netflix,root,kim
964,netflix,root,kapil
965,netflix,root,conversations
966,netflix,root,contestants
967,netflix,root,rossiter
968,netflix,root,company
969,netflix,root,pandemic
970,netflix,root,atlas vpn
971,netflix,root,movie
972,netflix,root,contents
973,netflix,root,netflix
974,netflix,root,south africa native
975,netflix,root,amazon you
976,netflix,root,fake life
977,netflix,root,kapil
978,netflix,root,american film institute
979,netflix,root,words
980,netflix,root,s21 fe we
981,netflix,root,show
982,netflix,root,selling
983,netflix,root,film
984,netflix,root,cenkos securities
985,netflix,root,lag rahi hai
986,netflix,root,mumbai police band
987,netflix,root,bangtan .
988,netflix,root,views
989,netflix,root,hunting
990,netflix,root,digital services tax
991,netflix,root,cast
992,netflix,root,admirers
993,netflix,root,details
994,netflix,root,amit who
995,netflix,root,season
996,netflix,root,huda al mufti
997,netflix,root,kartik
998,netflix,root,golden globes
999,netflix,root,deadly cuts
1000,netflix,root,film
1001,netflix,root,woke media
1002,netflix,root,netflix
1003,netflix,root,comedies
1004,netflix,root,season
1005,netflix,root,part
1006,netflix,root,caption
1007,netflix,root,show
1008,netflix,root,range
1009,netflix,root,interest
1010,netflix,root,solutions
1011,netflix,root,royal news der
1012,netflix,root,sam director
1013,netflix,root,opener
1014,netflix,root,presence
1015,netflix,root,snowdrop
1016,netflix,root,series producer
1017,netflix,root,website
1018,netflix,root,mo abudu
1019,netflix,root,snowdrop
1020,netflix,root,show
1021,netflix,root,mcu actor
1022,netflix,root,adobe
1023,netflix,root,months
1024,netflix,root,actors
1025,netflix,root,belmer
1026,netflix,root,debose
1027,netflix,root,k
1028,netflix,root,mo abudu
1029,netflix,root,contract projects
1030,netflix,root,snowdrop
1031,netflix,root,market
1032,netflix,root,fantabulous emancipation
1033,netflix,root,film
1034,netflix,root,benefits
1035,netflix,root,register
1036,netflix,root,six
1037,netflix,root,rescue bots
1038,netflix,root,one
1039,netflix,root,bar host
1040,netflix,root,feature
1041,netflix,root,kapil i
1042,netflix,root,comments
1043,netflix,root,comments
1044,netflix,root,netflix
1045,netflix,root,wonder woman
1046,netflix,root,advertisers
1047,netflix,root,capacity
1048,netflix,root,humans
1049,netflix,root,child archie
1050,netflix,root,adaptation
1051,netflix,root,relationship
1052,netflix,root,name
1053,netflix,root,film
1054,netflix,root,lee jung jae
1055,netflix,root,clockwise
1056,netflix,root,registration
1057,netflix,root,act
1058,netflix,root,andy sherman
1059,netflix,root,app
1060,netflix,root,rakul
1061,netflix,root,matters
1062,netflix,root,meghna she
1063,netflix,root,armas
1064,netflix,root,aaron feature
1065,netflix,root,hindi originals
1066,netflix,root,writer marcy gordon
1067,netflix,root,alternatives
1068,netflix,root,lite ne
1069,netflix,root,episode
1070,netflix,root,bollywood news live
1071,netflix,root,guests
1072,netflix,root,money malcontent
1073,netflix,root,neve campbell
1074,netflix,root,quad core features
1075,netflix,root,petition
1076,netflix,root,guests
1077,netflix,root,you´re i
1078,netflix,root,netflix
1079,netflix,root,virgin you
1080,netflix,root,virgin you
1081,netflix,root,virgin you
1082,netflix,root,virgin you
1083,netflix,root,virgin you
1084,netflix,root,virgin you
1085,netflix,root,film
1086,netflix,root,light
1087,netflix,root,v
1088,netflix,root,passes
1089,netflix,root,episodes
1090,netflix,root,samsung
1091,netflix,root,rules
1092,netflix,root,company
1093,netflix,root,regina
1094,netflix,root,film
1095,netflix,root,film
1096,netflix,root,eco remote
1097,netflix,root,tags
1098,netflix,root,rocket boys
1099,netflix,root,microsoft
1100,netflix,root,reverie
1101,netflix,root,guests
1102,netflix,root,generation
1103,netflix,root,viac
1104,netflix,root,users
1105,netflix,root,series
1106,netflix,root,dixson i
1107,netflix,root,mystery that
1108,netflix,root,cpus
1109,netflix,root,you´re i
1110,netflix,root,apps whatsapp
1111,netflix,root,customer support
1112,netflix,root,team
1113,netflix,root,chef
1114,netflix,root,handset
1115,netflix,root,manuel mirandamy placenewrobert
1116,netflix,root,programming you
1117,netflix,root,registration
1118,netflix,root,world
1119,netflix,root,registration
1120,netflix,root,mackenzie
1121,netflix,root,rousteing
1122,netflix,root,colton underwood
1123,netflix,root,us
1124,netflix,root,henares
1125,netflix,root,people
